Id,TagName
1,definitions
2,machine-learning
3,bigdata
5,data-mining
6,databases
8,libsvm
10,scalability
11,efficiency
12,performance
13,nosql
14,relational-dbms
15,clustering
16,octave
17,k-means
19,algorithms
21,tools
22,processing
23,apache-hadoop
24,r
26,data-cleaning
27,statistics
29,distributed
31,neo4j
35,information-retrieval
36,google
37,search
39,education
40,open-source
42,similarity
43,data-stream-mining
45,dimensionality-reduction
46,python
47,nlp
48,language-model
50,topic-model
51,lda
54,feature-selection
55,map-reduce
56,mongodb
59,indexing
60,data-indexing-techniques
61,dataset
62,.net
64,pandas
65,parallel
66,metadata
67,parsing
71,social-network-analysis
72,time-series
73,javascript
74,visualization
76,svm
77,classification
78,binary
80,optimization
81,neural-network
82,usecase
83,consumerweb
84,parameter
86,clusters
87,aws
90,text-mining
94,freebase
95,knowledge-base
100,confusion-matrix
101,accuracy
102,categorical-data
104,data-formats
105,hierarchical-data-format
108,sql
109,research
110,experiments
113,random-forest
114,logistic-regression
115,evaluation
116,crawling
119,anonymization
120,beginner
123,graphs
124,cross-validation
126,sampling
128,scikit-learn
129,kaggle
135,gradient-descent
136,feature-extraction
138,state-of-the-art
139,career
143,genetic
144,correlation
146,error-handling
147,apache-pig
156,glm
157,regression
158,scala
159,csv
160,online-learning
162,unbalanced-classes
164,gbm
167,marketing
168,predictive-modeling
175,library
179,java
180,energy
184,anomaly-detection
185,forecast
186,sequence
191,hbase
193,tableau
194,deep-learning
195,ensemble-modeling
197,infographics
200,feature-scaling
201,apache-mahout
202,hive
205,object-recognition
206,hog
207,computer-vision
211,methods
212,scoring
213,ranking
214,sports
215,markov-process
216,matlab
217,simulation
218,finance
219,apache-spark
220,linear-regression
222,version-control
223,convnet
224,image-classification
226,software-development
227,rstudio
229,programming
232,notation
233,terminology
235,sas
236,hyperparameter
237,survival-analysis
238,discriminant-analysis
239,multiclass-classification
240,books
243,genetic-algorithms
244,featurization
249,decision-trees
250,self-study
251,named-entity-recognition
254,bioinformatics
255,data
261,multitask-learning
266,word-embeddings
269,software-recommendation
271,preprocessing
272,multilabel-classification
273,reference-request
274,julia
276,loss-function
278,ggplot2
279,normalization
280,weighted-data
281,feature-construction
282,supervised-learning
283,descriptive-statistics
284,aggregation
286,c
287,missing-data
288,markov
289,expectation-maximization
290,distance
291,cosine-distance
293,learning
298,ipython
299,anaconda
301,numerical
302,history
303,outlier
304,unsupervised-learning
305,probability
307,autoencoder
310,backpropagation
311,theano
312,fuzzy-logic
313,weka
315,scraping
317,xgboost
319,data-wrangling
320,data-product
321,tensorflow
322,excel
323,semi-supervised-learning
324,keras
325,azure-ml
327,machine-translation
328,data-imputation
329,gensim
330,lsi
331,model-selection
332,feature-engineering
333,hinge-loss
334,stata
335,text
337,json
340,reinforcement-learning
341,q-learning
342,google-prediction-api
344,ab-test
345,nltk
346,apache-kafka
347,pybrain
348,word2vec
351,convergence
352,pgm
354,parameter-estimation
356,bayesian-networks
358,orange
359,churn
360,naive-bayes-classifier
361,image-recognition
362,market-basket-analysis
363,association-rules
364,audio-recognition
365,rbm
366,interpolation
367,recommender-system
368,regularization
370,dbscan
372,pca
373,randomized-algorithms
374,rnn
376,labels
377,tsne
378,manifold
380,stanford-nlp
382,dropout
383,training
386,amazon-ml
388,geospatial
389,sequential-pattern-mining
393,gpu
395,jaccard-coefficient
396,pyspark
397,jupyter
398,sentiment-analysis
400,torch
401,competitions
402,overfitting
403,powerbi
407,prediction
409,score
410,encoding
411,spss
412,gaussian
415,mutual-information
416,bayesian
422,etl
427,graphical-model
434,domain-adaptation
437,methodology
438,theory
439,reductions
442,distribution
443,text-generation
444,estimators
445,information-theory
450,cost-function
452,data-augmentation
455,data.table
457,inception
458,caffe
459,redshift
461,text-filter
464,management
465,variance
466,regex
467,noisification
468,privacy
470,vc-theory
471,search-engine
473,community
474,monte-carlo
476,pytorch
478,dirichlet
480,plotting
481,matrix-factorisation
482,convolution
483,active-learning
484,tokenization
485,linux
486,data-leakage
487,gan
488,rattle
491,embeddings
499,ocr
502,linear-algebra
504,similar-documents
505,representation
510,lda-classifier
511,perceptron
512,automatic-summarization
513,nvidia
514,alex-net
519,smote
520,class-imbalance
521,dataframe
522,classifier
524,vector-space-models
527,lstm
528,forecasting
530,mnist
532,tfidf
533,learning-rate
534,twitter
535,cloud
537,batch-normalization
538,word
539,generative-models
550,game
552,ngrams
554,meta-learning
555,ensemble
556,pac-learning
557,cnn
558,tranformation
559,seaborn
560,historgram
561,counts
562,numpy
564,activation-function
565,cloud-computing
566,homework
567,keras-rl
568,openai-gym
569,dqn
570,mini-batch-gradient-descent
571,neural-style-transfer
572,noise
575,yolo
576,ibm-watson
577,speech-to-text
580,matplotlib
581,tflearn
582,learning-to-rank
583,anomaly
584,actor-critic
585,grid-search
586,hyperparameter-tuning
587,bayes-error
588,transfer-learning
591,kernel
593,reshape
594,project-planning
596,scipy
598,bias
599,markov-hidden-model
600,math
601,recurrent-neural-net
602,sequence-to-sequence
603,natural-language-process
605,svr
606,vgg16
607,object-detection
608,automation
609,glorot-initialization
610,faster-rcnn
611,ensemble-learning
612,k-nn
613,hardware
614,ai
617,colab
618,data-science-model
619,machine-learning-model
621,mlp
623,annotation
624,normal-equation
627,metric
628,data-analysis
629,self-driving
630,generalization
631,boosting
632,objective-function
633,predictor-importance
634,momentum
637,weight-initialization
640,dplyr
641,epochs
644,cs231n
645,gridsearchcv
646,sensors
651,mcmc
652,probabilistic-programming
656,policy-gradients
660,stacked-lstm
662,ndcg
663,fastai
664,pipelines
667,nlg
669,heatmap
670,deep-network
671,collinearity
673,matrix
674,spatial-transformer
675,evolutionary-algorithms
677,opencv
678,feature-reduction
680,activity-recognition
682,orange3
686,features
687,genetic-programming
690,attention-mechanism
693,rbf
696,neural
699,ml
700,implementation
701,code
704,image-size
707,imbalanced-learn
708,smotenc
709,image-preprocessing
711,deepmind
712,wolfram-language
713,chatbot
715,dialog-flow
716,finite-precision
717,h2o
718,dynamic-programming
719,ridge-regression
720,image
721,discounted-reward
723,difference
724,3d-reconstruction
725,sagemaker
728,transformer
729,gmm
730,bert
731,dummy-variables
732,pip
734,aws-lambda
735,serialisation
736,lbp
737,density-estimation
738,mathematics
739,finetuning
741,vae
743,web-scrapping
744,mean-shift
745,structured-data
746,fuzzy-classification
747,probability-calibration
751,apache-nifi
752,categories
754,gaussian-process
755,inceptionresnetv2
756,explainable-ai
757,softmax
758,open-set
759,coursera
763,manhattan
764,mse
767,lasso
769,lightgbm
770,pooling
772,one-shot-learning
774,feature-map
775,movielens
776,knime
779,spacy
780,allennlp
783,tesseract
786,pytorch-geometric
788,stemming
789,pickle
790,multi-instance-learning
791,arima
792,rdkit
795,causalimpact
797,refit-model
798,unseen-data
799,automl
800,cause-effect-relations
801,question-answering
802,doc2vec
803,data-transfer
804,paperspace
805,impala
806,networkx
807,pathfinder
808,time
809,siamese
810,non-convex
811,sparsity
813,multi-output
814,corpus
815,dump
816,wikipedia
817,siamese-networks
818,sematic-similarity
819,python-3.x
820,statsmodels
822,non-parametric
823,bayesian-nonparametric
824,hurdle-model
825,marginal-effects
826,huggingface
827,image-segmentation
828,adaboost
829,rmsle
830,rmse
831,anova
833,gru
834,openai-gpt
835,extreme-learning-machine
836,one-hot-encoding
838,pruning
839,multivariate-distribution
840,auc
841,ann
842,exploitation
843,demographic-data
844,goss
845,proximal-svm
846,least-squares-svm
847,categorical-encoding
848,helmert-coding
849,james-stein-encoder
850,summarunner-architecture
851,groupby
852,c++
853,pearsons-correlation-coefficient
854,spearmans-rank-correlation
855,kendalls-tau-coefficient
856,predict
857,nl2sql
858,frequentist
859,google-cloud
860,spyder
861,parquet
863,pattern-recognition
864,text-classification
865,3d-object-detection
866,kitti-dataset
867,encoder
868,separable
869,linearly-separable
870,data-engineering
871,metaheuristics
872,pyro
873,bayesian-neural-network
874,spectral-clustering
876,sparse
877,f1score
878,handwritten
879,natural-gradient-boosting
880,ngboost
881,linear-programming
882,cart
883,structural-equation-modelling
884,exploratory-factor-analysis
886,information-extraction
887,mlflow
888,shap
890,hashingvectorizer
891,naive-bayes-algorithim
892,skorch
893,arrow
894,dashboards
895,bokeh
896,plotly
897,multi-agent
898,sap
899,hana
901,mxnet
902,gluon
903,tpu